cgpa,internships,certifications,projects,college_tier,branch,market_demand,placed_3m,placed_6m,placed_12m,salary_lpa
6.78,1,3,0,3,MBA,0.7,0,0,1,9.62
6.15,0,0,0,3,CSE,0.9,0,0,1,7.93
8.12,2,5,2,2,MBA,0.7,1,1,1,15.4
6.69,1,5,5,2,MBA,0.7,1,0,1,15.74
9.69,0,5,4,3,Mechanical,0.6,1,1,1,10.81
6.34,3,2,4,3,ECE,0.75,1,1,1,12.68
7.8,2,5,1,3,MBA,0.7,0,0,1,12.45
6.02,2,5,4,2,Civil,0.5,0,0,1,16.33
8.53,3,2,1,3,CSE,0.9,0,0,1,12.71
8.77,0,0,5,2,ECE,0.75,1,0,1,12.87
9.23,0,2,4,1,MBA,0.7,1,0,0,19.37
5.55,0,4,4,2,Civil,0.5,0,0,1,12.95
8.74,0,3,1,3,Civil,0.5,1,1,0,7.68
7.67,1,0,0,1,Mechanical,0.6,0,0,1,19.05
6.36,1,4,0,2,Civil,0.5,1,1,1,10.36
9.67,3,3,0,1,ECE,0.75,1,1,1,21.26
9.03,0,3,5,1,Mechanical,0.6,1,1,0,18.62
8.28,1,0,5,2,CSE,0.9,0,1,0,15.38
7.14,1,4,1,2,Civil,0.5,1,0,0,13.42
7.83,2,3,4,2,CSE,0.9,1,1,1,15.71
6.68,1,2,2,3,MBA,0.7,0,0,1,9.41
7.05,1,2,2,3,MBA,0.7,0,0,1,9.93
6.9,3,1,0,3,CSE,0.9,1,1,0,12.55
8.62,3,5,1,3,MBA,0.7,1,1,1,12.08
8.4,2,5,0,2,MBA,0.7,0,1,0,16.92
5.53,3,3,5,2,Civil,0.5,0,1,1,16.38
8.02,0,1,4,2,MBA,0.7,0,0,1,13.58
9.31,2,3,2,2,ECE,0.75,1,1,0,14.57
7.79,3,4,0,3,MBA,0.7,1,1,1,10.95
5.85,2,3,2,2,Civil,0.5,1,1,0,16.03
8.79,3,1,0,2,MBA,0.7,1,0,1,12.99
9.31,1,3,1,1,ECE,0.75,0,0,0,21.04
5.6,3,5,0,2,Civil,0.5,0,0,1,14.1
7.51,0,5,3,2,Mechanical,0.6,1,0,1,14.34
7.07,2,1,1,2,Civil,0.5,0,0,1,14.01
6.27,0,3,4,3,ECE,0.75,0,0,1,11.86
7.49,2,5,5,1,Mechanical,0.6,1,0,1,19.64
7.37,0,2,1,1,Mechanical,0.6,0,0,1,16.04
7.57,2,0,3,2,ECE,0.75,1,1,1,14.45
8.29,2,5,2,1,Mechanical,0.6,1,1,0,22.43
9.44,3,0,3,2,Civil,0.5,0,1,0,11.74
7.82,0,3,0,2,CSE,0.9,0,0,0,14.25
5.53,0,2,4,2,CSE,0.9,1,1,1,15.66
6.2,1,0,3,2,CSE,0.9,0,0,0,15.79
6.16,1,4,1,3,ECE,0.75,0,0,1,9.87
8.48,2,0,1,2,MBA,0.7,0,1,0,12.06
5.76,2,2,3,1,CSE,0.9,1,1,0,22.64
7.16,1,3,0,1,CSE,0.9,0,0,1,23.24
8.04,2,1,4,2,MBA,0.7,1,1,0,16.66
8.92,3,4,0,2,CSE,0.9,1,1,0,14.86
6.37,3,2,1,2,Mechanical,0.6,1,1,1,15.03
6.85,0,2,3,2,Civil,0.5,1,0,0,9.72
9.67,3,3,3,2,Mechanical,0.6,0,1,1,14.61
6.83,0,4,1,2,Mechanical,0.6,0,1,1,14.54
5.8,3,1,3,3,MBA,0.7,0,1,1,13.52
7.08,3,5,5,2,MBA,0.7,1,1,0,20.74
9.06,0,1,4,3,CSE,0.9,0,0,0,9.26
7.72,2,3,2,2,CSE,0.9,0,0,1,16.61
6.99,3,5,1,2,Civil,0.5,1,1,1,14.53
8.67,2,5,0,1,MBA,0.7,0,1,1,18.33
7.99,3,1,4,3,Civil,0.5,1,1,0,12.08
6.21,0,1,0,2,Civil,0.5,0,1,1,12.29
6.42,3,1,4,1,Mechanical,0.6,1,1,0,24.1
9.06,1,4,4,3,Mechanical,0.6,0,1,0,13.38
7.16,0,4,5,2,MBA,0.7,1,1,0,16.0
7.12,1,5,2,2,CSE,0.9,1,1,0,14.8
9.22,1,4,0,2,Mechanical,0.6,0,1,0,14.34
6.57,0,5,0,3,CSE,0.9,0,1,1,9.9
8.3,1,3,0,2,ECE,0.75,0,1,1,11.55
7.52,2,0,3,1,MBA,0.7,0,0,0,23.52
6.32,0,4,3,3,MBA,0.7,1,0,1,9.71
9.0,3,3,5,1,Mechanical,0.6,1,1,0,20.79
8.34,3,5,4,1,MBA,0.7,0,0,0,22.48
8.77,2,2,0,3,MBA,0.7,1,0,0,11.52
6.0,1,4,5,1,MBA,0.7,1,0,1,23.6
8.99,3,0,4,3,MBA,0.7,1,0,1,13.18
9.01,1,5,5,2,CSE,0.9,1,1,0,15.14
8.27,1,1,4,3,CSE,0.9,0,1,0,11.3
8.22,1,4,1,3,ECE,0.75,0,1,1,10.77
8.01,3,5,0,1,ECE,0.75,1,1,1,18.56
8.27,2,4,5,2,Civil,0.5,1,1,1,16.11
5.58,3,5,2,3,Civil,0.5,0,0,1,12.79
5.95,1,5,1,2,MBA,0.7,1,0,1,16.76
8.05,1,2,1,1,CSE,0.9,1,1,1,20.38
9.77,3,1,0,3,Civil,0.5,1,1,1,9.02
7.05,2,2,3,3,Civil,0.5,0,1,0,10.81
8.32,3,5,3,2,ECE,0.75,0,1,1,19.17
6.2,2,4,1,3,ECE,0.75,0,0,1,10.71
6.76,3,1,2,2,Mechanical,0.6,1,1,1,12.68
9.51,2,4,1,3,CSE,0.9,1,1,1,12.29
6.75,2,2,1,1,Mechanical,0.6,1,0,0,20.35
9.01,0,4,0,1,MBA,0.7,0,1,0,21.75
8.63,0,3,3,3,Civil,0.5,0,0,1,8.11
6.25,1,0,4,3,Civil,0.5,0,0,0,9.09
7.0,1,1,2,2,MBA,0.7,0,1,1,13.17
6.41,2,2,0,3,MBA,0.7,1,1,0,9.97
6.27,2,4,4,3,MBA,0.7,0,1,0,14.2
5.95,3,5,0,3,Civil,0.5,0,0,0,12.56
8.54,2,5,4,2,CSE,0.9,1,1,0,16.41
6.19,3,1,1,2,Civil,0.5,1,1,1,12.24
7.65,3,5,0,3,CSE,0.9,1,0,0,13.91
9.11,3,5,2,2,Mechanical,0.6,1,0,0,18.2
8.1,1,0,5,3,ECE,0.75,0,0,1,9.62
9.29,3,3,4,2,Civil,0.5,1,0,1,18.24
6.11,1,4,4,2,Mechanical,0.6,0,0,0,13.53
9.4,1,5,5,3,CSE,0.9,1,1,1,14.3
8.88,1,3,0,3,MBA,0.7,0,1,1,10.15
6.21,1,2,4,2,CSE,0.9,0,1,1,17.55
6.34,1,3,5,2,Civil,0.5,1,0,1,12.26
8.81,0,0,1,2,MBA,0.7,0,1,1,9.38
7.66,2,5,5,2,MBA,0.7,1,0,0,18.4
7.56,2,5,4,3,Mechanical,0.6,1,0,1,13.75
9.79,0,1,4,3,Mechanical,0.6,1,1,1,10.4
9.11,1,1,4,2,MBA,0.7,1,1,1,13.67
9.33,2,0,2,2,MBA,0.7,0,1,1,15.77
8.74,3,2,4,3,Civil,0.5,0,0,1,12.01
7.07,2,3,4,2,ECE,0.75,1,0,1,15.94
8.04,2,4,0,1,ECE,0.75,0,0,1,17.93
5.84,1,2,3,2,Civil,0.5,0,0,0,11.94
5.56,2,2,0,2,CSE,0.9,1,0,1,13.63
8.53,1,4,5,2,ECE,0.75,1,1,1,18.4
7.73,0,1,3,3,ECE,0.75,0,1,1,10.33
5.64,2,5,3,3,CSE,0.9,1,1,1,14.09
7.12,1,1,3,1,ECE,0.75,0,1,1,19.07
7.91,3,1,1,3,MBA,0.7,0,1,1,11.61
6.48,0,0,5,2,ECE,0.75,1,1,1,10.99
6.76,1,4,4,2,CSE,0.9,1,1,0,16.77
6.87,0,2,2,2,Civil,0.5,0,1,1,9.64
6.53,3,3,3,3,ECE,0.75,0,0,0,14.57
7.73,2,5,1,2,Civil,0.5,0,0,1,15.8
7.65,2,5,4,1,Civil,0.5,1,1,0,20.74
8.12,1,4,5,1,ECE,0.75,1,1,1,19.85
6.51,0,3,1,3,MBA,0.7,0,0,1,8.87
9.75,0,2,3,3,Civil,0.5,1,1,1,8.86
6.1,2,2,0,2,CSE,0.9,0,1,1,11.78
6.62,1,1,2,3,CSE,0.9,0,0,0,9.98
9.11,1,2,2,1,Civil,0.5,1,1,1,20.81
8.82,1,1,1,3,ECE,0.75,0,0,1,8.91
5.75,2,5,2,3,ECE,0.75,0,1,1,12.81
8.42,1,5,5,2,MBA,0.7,1,0,1,14.97
8.96,2,1,3,1,MBA,0.7,0,0,0,22.96
8.26,3,2,3,2,Mechanical,0.6,0,1,1,17.35
8.03,0,0,5,3,Civil,0.5,0,0,1,9.85
6.94,1,1,0,2,Civil,0.5,0,1,1,10.57
9.0,0,0,3,3,Civil,0.5,0,1,0,7.16
9.08,0,4,3,1,CSE,0.9,1,0,0,22.27
5.93,0,0,1,1,Civil,0.5,0,1,1,19.33
8.35,2,3,2,2,ECE,0.75,0,0,1,14.88
5.59,3,4,1,2,Mechanical,0.6,0,0,1,15.85
5.87,0,3,5,1,CSE,0.9,0,0,1,17.76
8.33,2,3,1,3,CSE,0.9,0,1,1,11.53
7.71,1,0,1,1,CSE,0.9,1,0,0,18.78
5.81,2,5,1,3,MBA,0.7,1,1,1,12.26
5.53,1,4,4,3,CSE,0.9,0,0,1,14.37
8.69,0,4,2,2,ECE,0.75,0,0,0,14.48
8.76,0,4,0,1,MBA,0.7,0,1,1,21.94
5.5,2,3,0,1,ECE,0.75,0,0,1,22.42
5.65,0,0,1,2,Civil,0.5,0,0,1,9.89
8.26,1,1,1,2,ECE,0.75,0,1,0,13.87
6.41,3,5,1,3,MBA,0.7,0,1,0,14.62
5.73,2,2,1,3,MBA,0.7,0,0,0,11.92
7.8,2,0,0,3,Civil,0.5,0,0,1,8.7
9.76,0,2,3,1,ECE,0.75,1,1,0,16.22
7.01,2,0,4,1,Civil,0.5,1,0,0,21.01
8.84,3,0,4,3,CSE,0.9,0,1,0,12.48
7.33,2,1,1,3,MBA,0.7,1,0,1,9.61
9.38,3,3,5,1,CSE,0.9,1,1,1,23.48
9.05,2,5,3,1,Civil,0.5,1,1,1,21.92
6.07,0,4,4,3,Mechanical,0.6,0,1,1,11.58
7.61,2,3,1,3,ECE,0.75,0,1,1,10.46
5.73,0,5,5,3,Mechanical,0.6,0,1,0,12.0
7.58,0,5,3,3,Civil,0.5,0,0,0,10.17
5.75,0,0,3,2,CSE,0.9,0,1,1,12.19
6.37,0,3,4,2,ECE,0.75,1,1,0,15.68
6.18,0,5,0,2,CSE,0.9,1,0,0,16.05
5.62,2,5,1,2,CSE,0.9,1,0,1,16.59
9.29,3,1,0,1,CSE,0.9,0,1,1,17.91
6.33,0,1,3,3,ECE,0.75,0,0,0,8.69
6.46,1,5,5,2,ECE,0.75,0,1,1,14.36
7.8,0,4,3,3,CSE,0.9,0,1,0,11.66
5.93,3,4,5,2,ECE,0.75,0,0,0,15.52
9.79,3,2,2,3,Mechanical,0.6,1,0,1,11.56
8.65,0,5,5,3,CSE,0.9,0,0,0,11.98
9.16,3,3,3,1,ECE,0.75,1,1,1,23.69
6.37,3,2,3,2,Mechanical,0.6,1,1,1,13.8
7.58,3,3,4,2,ECE,0.75,1,1,1,18.27
9.53,0,1,3,3,Mechanical,0.6,0,1,0,7.97
6.87,3,0,0,2,ECE,0.75,1,1,1,11.53
8.19,3,5,0,3,ECE,0.75,1,1,1,14.24
9.13,1,0,5,1,MBA,0.7,1,0,1,19.32
8.33,2,0,1,2,Mechanical,0.6,1,1,1,12.9
8.7,3,2,0,2,CSE,0.9,0,0,1,17.36
7.17,1,0,0,3,ECE,0.75,0,0,1,7.85
6.07,0,1,3,3,CSE,0.9,0,0,0,9.19
6.03,0,0,4,1,ECE,0.75,1,0,0,16.65
8.45,2,4,4,3,Civil,0.5,0,1,0,13.69
8.25,0,2,2,1,MBA,0.7,1,1,1,15.23
9.51,2,1,0,2,Civil,0.5,1,1,1,10.26
6.3,3,0,0,1,CSE,0.9,1,0,1,21.94
7.36,1,5,3,2,ECE,0.75,1,1,1,14.19
7.33,0,1,3,3,Civil,0.5,1,0,1,8.92
7.16,3,1,1,2,MBA,0.7,1,1,1,15.36
9.24,2,5,3,3,CSE,0.9,0,0,1,15.43
5.67,0,5,3,2,Mechanical,0.6,1,0,0,12.49
7.37,2,0,4,1,Civil,0.5,0,0,1,18.86
9.76,0,1,1,3,MBA,0.7,0,1,0,8.27
7.84,3,0,1,2,Mechanical,0.6,0,1,0,13.98
9.57,2,2,2,3,MBA,0.7,1,0,1,11.81
8.05,1,5,3,1,CSE,0.9,1,1,1,21.85
6.35,2,3,5,1,Civil,0.5,1,1,1,21.28
7.58,3,1,3,3,MBA,0.7,1,0,1,12.64
6.23,2,5,2,1,ECE,0.75,0,1,0,19.45
6.15,1,4,3,3,Civil,0.5,0,1,1,11.25
6.89,3,1,2,2,MBA,0.7,1,0,1,16.77
8.03,2,2,2,3,ECE,0.75,1,0,0,11.93
9.69,3,5,1,3,ECE,0.75,0,1,1,14.99
6.79,2,1,2,2,CSE,0.9,1,0,1,16.16
8.11,1,1,4,2,MBA,0.7,0,0,0,15.27
9.62,1,3,5,2,Mechanical,0.6,1,1,1,13.61
7.2,2,1,4,2,Civil,0.5,0,1,0,12.47
6.83,2,5,0,2,CSE,0.9,1,1,1,14.89
7.99,3,1,2,3,Civil,0.5,1,1,0,11.61
7.16,0,1,2,2,CSE,0.9,0,1,1,13.28
5.85,3,5,4,2,Civil,0.5,1,1,0,15.74
5.74,1,5,2,2,MBA,0.7,1,0,1,14.58
6.6,3,3,5,1,MBA,0.7,1,0,1,26.65
7.22,2,5,0,3,Mechanical,0.6,0,1,0,12.59
9.13,0,4,4,3,ECE,0.75,1,1,1,11.86
7.16,3,5,1,3,ECE,0.75,1,1,1,14.38
6.32,1,3,0,1,MBA,0.7,1,1,0,22.81
9.24,3,4,2,2,ECE,0.75,0,0,0,17.87
7.86,2,1,2,3,MBA,0.7,1,0,1,9.47
7.16,3,2,0,2,MBA,0.7,0,1,0,11.91
6.56,2,1,2,3,Civil,0.5,1,1,1,8.79
7.48,1,0,5,2,ECE,0.75,1,0,0,12.36
6.94,1,1,3,3,ECE,0.75,0,1,0,9.98
9.68,2,0,2,3,ECE,0.75,0,1,1,9.27
5.73,2,2,1,3,CSE,0.9,0,0,0,12.45
6.01,0,2,1,2,Civil,0.5,1,0,0,11.89
5.67,2,1,3,3,Mechanical,0.6,0,0,0,12.27
5.54,2,0,4,2,MBA,0.7,1,1,1,14.77
9.12,1,4,4,3,Mechanical,0.6,1,1,1,12.36
8.47,1,0,2,2,CSE,0.9,0,0,1,11.69
8.23,3,1,1,1,ECE,0.75,0,0,1,23.84
8.26,1,0,3,2,CSE,0.9,1,0,1,15.9
6.07,3,2,4,3,Civil,0.5,1,1,1,13.38
9.04,1,2,2,2,MBA,0.7,0,1,0,13.84
9.51,0,1,2,2,MBA,0.7,0,0,0,14.19
8.14,0,2,5,2,ECE,0.75,1,0,0,12.87
9.75,3,1,3,2,CSE,0.9,1,1,1,17.29
8.63,1,3,4,1,CSE,0.9,1,1,0,23.72
9.55,1,4,0,2,Mechanical,0.6,0,1,0,11.6
6.56,0,5,5,3,ECE,0.75,0,1,1,13.74
7.08,3,3,3,1,Mechanical,0.6,1,1,1,24.23
9.79,1,5,0,2,Civil,0.5,1,0,1,15.12
6.02,1,1,4,2,Civil,0.5,0,0,1,11.65
6.84,3,2,1,3,CSE,0.9,0,0,1,11.55
7.86,1,1,5,2,CSE,0.9,1,1,0,15.9
8.48,2,0,5,1,MBA,0.7,1,1,1,20.44
8.63,3,1,4,2,CSE,0.9,1,1,1,15.45
9.05,1,1,4,3,CSE,0.9,0,0,1,10.23
9.74,2,2,0,2,ECE,0.75,0,1,0,15.7
7.4,0,2,3,3,Civil,0.5,1,0,0,9.81
8.62,0,1,1,1,CSE,0.9,0,0,1,15.06
8.49,1,2,3,3,ECE,0.75,1,1,1,10.01
5.72,3,3,2,2,ECE,0.75,1,1,1,17.33
8.62,1,1,3,2,Mechanical,0.6,1,0,0,11.87
8.37,0,4,4,2,Civil,0.5,1,1,0,15.02
8.56,0,4,4,3,Mechanical,0.6,1,1,1,10.21
7.22,1,1,1,3,CSE,0.9,0,0,1,11.6
6.59,3,4,1,3,Civil,0.5,0,1,1,12.23
9.12,2,4,3,2,ECE,0.75,0,0,1,15.52
6.2,3,2,5,3,MBA,0.7,1,1,1,13.03
6.73,0,5,0,1,MBA,0.7,1,0,0,17.35
8.44,1,0,0,3,ECE,0.75,0,0,0,9.68
6.68,3,1,0,1,MBA,0.7,1,0,0,20.47
6.33,3,3,2,2,ECE,0.75,1,0,1,14.96
9.78,2,1,0,3,MBA,0.7,1,0,1,10.02
6.64,1,1,3,2,MBA,0.7,1,0,1,11.53
6.65,1,1,2,2,Mechanical,0.6,0,1,1,10.38
9.56,3,1,5,3,Mechanical,0.6,1,0,1,13.37
7.82,3,4,0,2,Civil,0.5,1,0,1,12.61
7.52,0,5,3,3,ECE,0.75,0,0,1,10.92
7.81,3,3,0,3,CSE,0.9,1,1,0,11.32
6.09,2,2,4,3,Civil,0.5,1,0,1,10.25
8.21,0,3,4,3,MBA,0.7,0,1,1,11.5
9.39,2,0,4,2,ECE,0.75,0,1,1,14.37
7.88,3,2,1,2,MBA,0.7,0,0,1,15.89
9.59,0,2,5,2,Mechanical,0.6,1,0,1,12.84
9.74,2,3,1,3,Civil,0.5,1,0,0,11.44
8.88,1,4,1,2,MBA,0.7,1,1,1,13.48
9.52,0,5,2,2,Mechanical,0.6,0,1,1,13.01
9.22,3,1,2,2,ECE,0.75,1,1,1,17.43
9.28,0,0,0,1,Mechanical,0.6,0,0,1,12.57
8.89,0,0,2,3,Mechanical,0.6,1,1,1,7.25
5.96,1,5,0,3,MBA,0.7,0,0,0,9.52
8.29,0,4,4,2,Mechanical,0.6,0,1,1,15.51
6.99,2,5,1,1,Mechanical,0.6,1,1,0,19.93
5.72,2,3,1,3,Mechanical,0.6,1,1,1,9.74
7.03,1,3,1,3,Mechanical,0.6,1,1,1,9.23
9.49,2,0,5,3,MBA,0.7,1,1,1,11.26
9.55,0,5,4,3,Mechanical,0.6,1,0,1,11.18
5.62,0,3,4,1,ECE,0.75,0,1,1,17.63
7.41,2,2,0,3,Civil,0.5,1,1,1,10.19
8.22,0,2,3,1,MBA,0.7,1,0,1,15.89
9.65,2,0,1,3,ECE,0.75,1,0,1,11.32
6.69,1,0,5,2,Mechanical,0.6,0,1,0,12.33
7.08,2,5,5,2,CSE,0.9,1,0,1,20.39
7.73,3,1,5,3,Mechanical,0.6,0,1,1,13.92
6.78,1,2,2,2,MBA,0.7,1,0,0,11.97
6.05,0,0,0,2,Mechanical,0.6,1,0,0,11.81
8.02,1,0,3,3,CSE,0.9,0,0,0,9.87
9.55,3,1,1,3,Civil,0.5,1,1,1,11.99
7.36,3,1,2,1,ECE,0.75,1,1,0,22.44
7.21,0,0,1,1,MBA,0.7,1,1,1,14.58
9.67,3,0,3,1,Civil,0.5,1,1,1,17.55
8.44,0,0,5,2,MBA,0.7,1,0,0,14.56
8.77,0,0,0,2,Mechanical,0.6,1,1,1,12.3
7.84,0,0,4,3,ECE,0.75,0,0,0,9.77
7.97,1,2,4,2,ECE,0.75,1,0,1,12.03
7.3,0,4,4,2,CSE,0.9,0,1,0,15.85
5.71,3,0,3,2,CSE,0.9,0,0,1,16.29
8.69,0,0,4,1,ECE,0.75,0,0,1,15.03
7.81,1,5,3,3,Civil,0.5,1,1,1,12.54
7.5,2,1,3,2,Civil,0.5,1,0,0,15.9
7.53,0,2,4,2,MBA,0.7,0,0,0,11.74
8.24,2,3,0,2,Mechanical,0.6,0,0,1,14.98
6.17,1,1,5,2,CSE,0.9,1,1,1,14.98
9.45,2,2,5,1,Mechanical,0.6,1,1,0,22.73
6.85,0,0,3,1,MBA,0.7,0,0,1,22.28
7.91,0,1,0,1,ECE,0.75,1,0,1,20.97
9.03,3,1,2,1,MBA,0.7,0,1,0,19.28
6.65,1,0,2,2,CSE,0.9,1,0,1,12.09
7.71,1,3,4,1,CSE,0.9,1,0,1,24.89
9.75,3,4,4,3,ECE,0.75,1,1,1,14.37
5.94,3,2,3,3,CSE,0.9,1,0,0,13.22
5.63,1,4,3,2,CSE,0.9,1,0,1,13.84
7.42,1,1,2,2,Mechanical,0.6,1,0,0,13.97
7.8,0,3,1,3,Mechanical,0.6,0,0,0,9.78
9.46,0,5,4,3,Civil,0.5,1,1,1,10.32
9.31,3,2,4,1,Civil,0.5,1,1,1,24.11
9.31,2,4,2,2,CSE,0.9,1,1,1,16.01
8.28,0,5,3,3,ECE,0.75,1,1,0,11.83
5.71,0,5,0,1,Civil,0.5,0,0,0,16.83
8.2,0,0,1,3,Civil,0.5,0,1,0,6.53
9.26,0,3,5,2,ECE,0.75,0,0,1,12.22
8.87,1,3,4,3,Mechanical,0.6,0,1,1,10.0
5.74,0,1,5,2,ECE,0.75,1,0,0,15.14
8.13,1,2,2,2,ECE,0.75,1,0,0,13.24
6.75,1,4,4,3,MBA,0.7,0,1,1,11.02
5.51,3,1,5,2,MBA,0.7,1,1,1,14.62
7.64,1,3,2,1,CSE,0.9,0,1,1,24.68
7.48,1,0,2,3,ECE,0.75,0,0,0,8.26
6.9,3,4,5,1,MBA,0.7,0,1,1,28.18
6.52,3,2,5,2,ECE,0.75,0,1,0,15.85
7.31,2,1,4,1,ECE,0.75,0,0,1,18.69
9.17,2,4,4,2,Mechanical,0.6,0,1,0,17.18
9.35,1,2,3,1,Civil,0.5,1,1,1,18.07
7.08,1,5,0,3,CSE,0.9,1,0,1,10.18
7.44,0,1,1,2,MBA,0.7,0,1,1,9.06
6.31,0,0,5,3,Civil,0.5,0,1,0,9.02
9.56,3,0,4,2,Civil,0.5,1,1,1,16.23
8.25,1,4,5,1,MBA,0.7,0,1,1,24.29
8.35,3,5,1,3,CSE,0.9,1,0,1,14.31
8.07,0,4,0,1,CSE,0.9,1,0,1,18.46
6.69,3,4,0,1,CSE,0.9,0,0,1,20.29
8.76,1,1,1,3,Mechanical,0.6,1,0,1,7.97
5.51,2,0,0,1,Mechanical,0.6,0,1,1,14.93
6.82,2,1,5,3,MBA,0.7,1,1,1,13.43
8.02,3,2,5,1,Civil,0.5,1,1,1,24.59
7.01,1,1,0,2,Civil,0.5,1,1,1,9.34
9.19,0,4,0,2,ECE,0.75,1,1,1,13.75
9.69,2,1,0,1,Mechanical,0.6,0,1,1,15.78
8.82,3,4,5,2,MBA,0.7,0,0,1,15.72
5.99,3,3,5,2,Mechanical,0.6,1,0,1,16.88
8.35,0,5,3,3,ECE,0.75,0,0,1,10.49
8.12,0,1,5,3,MBA,0.7,1,1,0,11.52
7.17,3,3,3,1,Civil,0.5,0,1,1,19.85
6.43,3,0,4,2,Civil,0.5,1,1,0,13.66
7.45,0,5,3,1,ECE,0.75,0,1,1,23.39
9.19,1,0,2,1,ECE,0.75,0,1,1,18.26
7.52,2,5,2,2,CSE,0.9,0,1,0,15.52
7.46,0,4,1,3,CSE,0.9,0,0,0,11.62
5.75,3,0,1,2,MBA,0.7,0,0,1,15.86
8.25,1,5,1,3,CSE,0.9,1,0,1,13.13
6.68,3,0,0,2,CSE,0.9,0,0,0,15.45
6.95,1,2,0,1,Mechanical,0.6,1,1,0,20.84
9.11,2,2,5,3,Mechanical,0.6,1,1,1,12.59
6.9,1,5,5,3,MBA,0.7,0,0,1,13.65
6.9,1,1,3,3,Civil,0.5,0,0,1,10.82
7.22,1,1,2,3,MBA,0.7,1,1,1,9.51
7.27,0,2,5,1,CSE,0.9,0,1,0,23.12
9.62,1,2,4,3,MBA,0.7,0,1,0,11.7
6.13,0,3,0,1,Mechanical,0.6,0,0,0,17.08
8.29,0,3,5,2,ECE,0.75,1,1,1,16.23
6.91,2,0,1,2,ECE,0.75,0,1,0,13.59
7.0,3,0,2,3,MBA,0.7,0,0,1,11.8
8.64,2,4,2,3,Civil,0.5,1,0,1,12.69
9.11,1,2,2,2,Civil,0.5,0,1,1,13.02
8.18,1,5,3,2,MBA,0.7,1,0,1,13.8
7.89,1,3,5,2,MBA,0.7,0,0,0,16.29
7.27,0,2,4,1,Civil,0.5,1,1,1,20.36
9.26,2,0,0,3,MBA,0.7,0,0,1,8.89
9.76,0,4,0,3,Mechanical,0.6,0,1,0,8.88
6.38,2,0,3,3,Mechanical,0.6,0,0,0,9.45
7.63,2,5,0,2,CSE,0.9,0,1,1,13.85
8.93,2,5,4,3,CSE,0.9,1,1,0,14.41
9.74,2,3,0,2,CSE,0.9,0,0,1,16.83
6.45,1,1,4,3,ECE,0.75,0,0,0,11.33
6.69,3,3,3,1,CSE,0.9,1,0,0,26.83
6.43,3,4,5,2,MBA,0.7,1,1,0,18.27
6.4,2,2,2,2,CSE,0.9,1,1,1,14.6
6.79,2,3,2,3,Civil,0.5,1,1,1,10.13
6.84,0,5,0,2,Mechanical,0.6,0,1,1,9.95
6.37,3,0,4,2,Civil,0.5,0,1,0,15.07
8.77,0,0,2,2,Civil,0.5,0,0,0,10.15
8.38,2,4,1,1,ECE,0.75,0,0,1,24.89
5.83,1,0,3,1,MBA,0.7,0,1,1,22.96
8.17,2,2,3,3,Civil,0.5,1,1,1,11.5
8.27,0,0,5,2,Civil,0.5,1,0,1,13.77
7.95,0,4,4,2,Mechanical,0.6,0,0,1,15.26
5.82,0,1,0,2,CSE,0.9,0,1,1,10.29
9.41,2,4,2,2,MBA,0.7,1,1,1,14.57
6.83,1,2,3,1,Civil,0.5,1,1,1,21.47
5.77,0,3,0,3,MBA,0.7,0,0,1,8.08
9.34,0,4,4,1,CSE,0.9,1,0,0,20.99
5.64,0,5,1,3,Civil,0.5,0,0,1,10.75
7.15,3,0,2,2,Civil,0.5,1,0,1,14.25
9.66,1,5,0,1,ECE,0.75,0,1,0,23.88
7.54,0,2,3,1,Mechanical,0.6,1,1,1,22.71
8.32,3,3,3,2,Civil,0.5,1,0,1,17.69
8.11,0,2,4,2,CSE,0.9,0,0,1,13.79
8.27,2,1,0,2,Civil,0.5,1,1,0,11.24
9.06,1,3,0,1,Mechanical,0.6,0,0,1,18.9
5.99,1,2,5,3,MBA,0.7,0,1,0,13.08
9.73,2,1,3,3,Mechanical,0.6,1,1,1,10.06
5.55,0,0,3,2,ECE,0.75,0,1,1,12.53
8.92,3,3,2,2,MBA,0.7,0,1,1,16.27
7.02,1,4,5,1,CSE,0.9,1,1,1,26.35
8.3,2,0,2,1,MBA,0.7,1,1,1,18.64
8.62,3,4,3,1,ECE,0.75,1,1,0,24.24
8.85,1,0,4,1,MBA,0.7,0,1,1,21.78
8.74,3,3,2,3,MBA,0.7,0,0,1,11.8
8.03,1,0,5,1,Civil,0.5,0,0,1,15.68
7.09,1,5,5,3,MBA,0.7,1,1,1,14.71
6.52,1,1,5,3,Civil,0.5,1,0,0,9.43
7.95,3,1,1,3,Civil,0.5,0,1,1,10.79
5.77,0,4,2,1,MBA,0.7,1,1,1,18.53
5.76,3,4,0,1,CSE,0.9,0,1,1,19.28
6.13,1,3,4,2,Civil,0.5,1,1,1,16.06
7.03,2,1,1,3,MBA,0.7,0,1,1,9.15
8.75,2,0,1,3,Mechanical,0.6,0,1,1,9.0
7.42,0,5,5,2,Mechanical,0.6,1,1,1,13.31
8.83,0,2,4,2,Civil,0.5,0,0,1,10.15
5.84,1,4,0,2,Mechanical,0.6,0,0,0,14.74
8.04,2,2,0,2,ECE,0.75,1,1,0,13.21
9.12,2,4,2,3,Civil,0.5,1,1,1,11.38
9.25,3,2,1,1,ECE,0.75,1,1,1,21.09
9.42,0,2,3,3,Civil,0.5,1,0,0,9.6
7.07,2,4,2,1,Mechanical,0.6,0,1,1,18.15
7.52,0,1,5,2,MBA,0.7,1,1,1,12.38
6.96,1,5,4,2,MBA,0.7,0,1,1,14.94
6.64,3,3,2,1,Mechanical,0.6,0,1,1,23.05
7.72,3,0,2,2,MBA,0.7,0,0,1,15.77
5.54,3,4,5,3,CSE,0.9,1,1,1,16.54
7.12,3,3,0,2,Civil,0.5,0,1,0,14.84
7.42,1,5,0,1,MBA,0.7,0,1,1,24.07
7.96,1,0,1,2,Mechanical,0.6,0,0,1,9.18
9.62,3,4,5,3,ECE,0.75,0,1,1,14.49
6.22,0,4,1,2,CSE,0.9,1,1,1,13.02
8.69,2,4,5,1,Mechanical,0.6,1,1,1,26.46
6.17,1,1,5,2,CSE,0.9,0,1,0,13.81
7.65,1,2,3,1,Mechanical,0.6,0,1,0,17.41
5.7,1,3,4,2,Civil,0.5,0,0,0,13.62
6.71,2,5,2,3,Civil,0.5,0,1,1,12.97
5.62,3,1,2,2,MBA,0.7,0,1,0,14.42
7.53,2,5,2,3,CSE,0.9,1,1,0,13.45
8.96,0,3,0,2,ECE,0.75,0,1,0,12.72
8.88,1,0,3,2,CSE,0.9,1,1,0,12.57
7.96,3,5,1,2,Civil,0.5,1,1,1,14.48
6.71,0,5,5,1,ECE,0.75,1,0,1,23.23
6.38,1,1,4,3,MBA,0.7,0,1,1,10.45
8.75,1,0,3,3,Mechanical,0.6,0,1,0,10.72
7.55,2,2,3,3,Mechanical,0.6,0,0,1,12.54
9.74,0,5,5,2,MBA,0.7,1,0,1,15.19
5.87,3,2,2,2,ECE,0.75,0,1,1,14.18
6.45,3,3,4,2,MBA,0.7,1,1,1,17.02
6.43,2,3,1,3,Civil,0.5,0,1,1,11.93
8.38,0,0,4,2,Civil,0.5,1,1,1,12.69
6.68,3,1,5,2,CSE,0.9,1,1,1,18.54
8.04,2,3,5,3,CSE,0.9,1,1,1,13.79
8.92,3,2,0,1,ECE,0.75,0,1,1,20.05
6.74,3,5,3,2,Civil,0.5,1,1,1,15.33
7.57,1,4,2,1,ECE,0.75,1,0,0,20.08
7.09,3,5,4,1,CSE,0.9,1,1,1,23.33
9.68,1,4,1,3,MBA,0.7,1,1,1,9.62
9.66,1,0,3,3,Civil,0.5,1,1,0,8.49
8.35,0,2,5,3,ECE,0.75,0,0,1,9.83
5.59,2,0,0,3,CSE,0.9,0,0,1,11.24
8.03,2,5,0,2,Civil,0.5,0,1,1,13.51
6.29,1,3,2,3,MBA,0.7,0,1,0,9.31
6.05,1,5,4,2,ECE,0.75,0,0,0,18.37
7.39,2,3,0,2,ECE,0.75,1,0,1,11.91
6.27,1,0,5,2,Mechanical,0.6,1,0,1,14.81
8.12,3,3,0,2,MBA,0.7,1,0,0,12.35
6.07,0,0,1,3,CSE,0.9,1,0,1,10.08
8.79,2,1,1,1,CSE,0.9,1,1,0,22.24
8.26,3,4,5,2,ECE,0.75,1,1,1,17.93
6.74,3,2,3,3,MBA,0.7,0,0,0,11.4
8.63,0,3,5,2,ECE,0.75,0,1,1,15.0
7.28,3,5,1,1,ECE,0.75,1,1,1,19.99
7.92,1,3,3,1,Civil,0.5,0,1,0,16.19
7.39,2,4,1,3,MBA,0.7,0,1,1,11.75
8.99,2,2,4,2,MBA,0.7,1,1,1,14.3
8.31,3,2,3,2,ECE,0.75,1,1,1,13.92
7.28,1,3,1,1,Civil,0.5,0,1,1,21.76
8.71,0,4,1,1,Mechanical,0.6,1,0,0,19.13
6.58,2,2,3,3,ECE,0.75,1,1,1,11.76
9.52,3,3,5,2,ECE,0.75,1,1,1,18.59
9.42,0,4,0,3,MBA,0.7,0,0,0,9.97
6.54,2,0,5,2,Mechanical,0.6,0,1,1,16.66
8.41,1,1,3,1,CSE,0.9,1,1,0,20.23
6.82,1,0,5,3,MBA,0.7,0,0,1,9.9
6.63,0,0,1,2,Mechanical,0.6,0,1,0,12.43
9.34,3,0,1,1,MBA,0.7,1,1,1,20.12
7.15,0,1,5,1,ECE,0.75,0,0,0,19.4
8.7,1,4,4,3,CSE,0.9,0,1,1,12.76
8.27,2,2,1,2,ECE,0.75,1,1,1,13.51
9.52,0,4,2,3,MBA,0.7,1,1,0,10.71
7.59,1,3,2,2,Mechanical,0.6,0,0,0,13.19
9.72,0,5,1,3,ECE,0.75,0,1,1,9.77
7.06,1,2,2,2,Civil,0.5,0,0,1,14.41
9.4,0,3,4,3,CSE,0.9,0,1,1,12.18
7.5,3,5,1,3,Civil,0.5,0,0,0,11.87
8.12,0,2,1,2,ECE,0.75,0,0,0,10.1
8.74,2,5,4,3,CSE,0.9,1,0,1,16.09
9.64,2,5,1,3,Civil,0.5,0,0,1,11.3
9.45,2,1,1,2,Civil,0.5,1,1,1,12.96
9.67,2,1,4,1,CSE,0.9,1,0,1,23.39
5.8,2,5,0,3,Civil,0.5,0,1,1,10.81
6.3,2,3,4,1,CSE,0.9,1,1,0,24.24
5.53,2,5,3,3,CSE,0.9,1,0,1,14.74
7.55,3,5,1,2,MBA,0.7,1,1,0,16.68
7.78,3,5,2,3,Civil,0.5,0,0,1,13.38
5.93,2,5,1,2,Civil,0.5,1,0,0,16.86
6.03,0,2,5,2,Mechanical,0.6,1,0,0,15.13
6.41,3,4,2,2,Civil,0.5,1,1,1,13.97
7.61,2,0,4,3,Civil,0.5,0,1,0,11.43
7.42,3,2,4,2,Civil,0.5,1,1,0,15.13
5.52,1,2,1,1,CSE,0.9,1,1,1,22.26
8.45,1,4,5,2,Mechanical,0.6,0,1,1,15.45
8.16,1,0,3,3,MBA,0.7,1,1,1,11.15
6.59,1,0,5,2,Civil,0.5,1,1,1,12.92
5.56,1,3,2,2,MBA,0.7,1,0,1,12.91
8.36,2,1,0,2,CSE,0.9,0,0,0,12.78
8.78,2,3,1,2,ECE,0.75,0,0,1,15.36
8.49,1,1,0,2,Civil,0.5,0,0,0,11.57
6.7,1,4,1,3,Mechanical,0.6,0,1,1,10.12
5.53,2,3,0,2,Civil,0.5,0,1,1,14.97
9.09,1,1,2,2,CSE,0.9,0,0,0,12.67
6.04,0,2,0,3,Civil,0.5,1,1,1,7.31
8.4,1,1,2,3,ECE,0.75,1,1,1,11.43
9.15,2,0,5,2,MBA,0.7,0,0,1,15.64
8.0,2,5,4,2,Mechanical,0.6,1,1,1,15.89
6.41,0,0,3,2,MBA,0.7,1,0,0,9.75
9.27,3,3,4,2,ECE,0.75,1,1,1,15.52
6.0,2,5,3,3,MBA,0.7,1,1,0,12.46
5.71,0,0,1,2,MBA,0.7,1,0,1,9.14
6.83,1,4,0,3,ECE,0.75,1,0,1,9.15
9.77,3,2,4,2,Mechanical,0.6,1,1,1,13.62
9.11,3,5,1,2,ECE,0.75,1,1,0,14.91
6.33,0,2,3,2,ECE,0.75,0,0,0,14.54
9.56,3,3,5,2,Civil,0.5,0,1,1,15.92
7.31,2,1,4,3,Civil,0.5,1,1,1,12.11
8.53,2,4,5,2,Civil,0.5,1,1,0,17.76
6.95,1,4,3,3,ECE,0.75,1,1,0,13.06
6.05,2,3,1,3,MBA,0.7,0,0,0,12.66
8.6,0,5,1,2,Mechanical,0.6,1,0,1,14.02
7.09,3,1,1,3,Mechanical,0.6,1,1,0,11.17
6.72,3,5,2,3,Civil,0.5,1,0,1,11.72
8.88,3,0,2,3,MBA,0.7,0,1,0,10.32
7.06,0,0,0,2,CSE,0.9,1,1,1,10.92
9.27,0,1,0,3,CSE,0.9,0,0,0,9.26
8.59,2,2,3,3,ECE,0.75,1,0,1,13.11
9.32,3,0,3,1,MBA,0.7,1,1,1,18.04
5.9,2,5,5,2,Mechanical,0.6,0,1,1,16.67
8.23,1,1,2,3,CSE,0.9,1,0,0,9.32
7.88,2,2,1,2,Civil,0.5,1,1,1,13.43
7.74,3,2,3,1,Mechanical,0.6,1,0,1,23.59
8.22,3,3,5,2,MBA,0.7,1,1,1,19.31
5.99,1,0,3,3,MBA,0.7,0,0,1,10.73
9.58,2,2,3,1,Civil,0.5,1,1,1,20.19
7.52,2,3,2,2,ECE,0.75,0,1,1,16.41
9.29,1,3,0,3,MBA,0.7,0,1,0,11.27
7.73,3,5,0,3,Civil,0.5,1,0,1,11.91
9.64,1,1,5,2,MBA,0.7,1,0,1,14.28
8.1,1,5,3,2,Civil,0.5,0,1,1,15.55
6.12,0,3,1,3,ECE,0.75,0,0,1,8.38
8.38,2,5,4,1,Civil,0.5,0,1,0,20.86
6.35,0,3,5,2,ECE,0.75,1,1,0,16.52
5.54,1,5,0,2,CSE,0.9,1,0,1,14.79
7.6,3,5,3,1,ECE,0.75,0,1,1,24.03
8.75,2,5,0,1,MBA,0.7,0,1,1,19.97
5.95,1,0,2,1,ECE,0.75,1,1,0,16.35
5.72,1,4,0,2,CSE,0.9,1,1,1,14.87
5.8,1,4,5,3,Civil,0.5,0,1,1,12.24
6.55,3,1,1,3,CSE,0.9,0,1,1,12.71
9.64,1,0,2,2,Civil,0.5,0,0,0,13.0
7.42,2,5,2,3,Mechanical,0.6,0,1,1,13.26
9.44,2,2,1,3,CSE,0.9,0,1,1,10.12
7.74,1,5,3,2,CSE,0.9,0,1,1,16.97
8.27,0,1,1,3,Mechanical,0.6,1,1,0,6.98
9.19,3,5,0,2,Civil,0.5,1,1,1,14.58
6.16,2,0,2,2,Civil,0.5,0,1,1,13.79
6.6,0,3,3,1,CSE,0.9,0,1,1,23.41
9.09,2,3,5,2,Mechanical,0.6,0,0,1,15.36
9.41,0,3,2,2,MBA,0.7,1,1,1,13.66
7.5,1,4,1,1,Civil,0.5,0,1,1,15.98
6.08,1,4,0,2,Mechanical,0.6,1,1,0,12.24
5.64,3,4,5,2,ECE,0.75,0,0,1,18.54
6.08,2,3,0,2,CSE,0.9,1,0,0,14.8
6.32,1,3,0,3,Civil,0.5,1,0,1,9.31
6.74,0,4,4,3,CSE,0.9,1,1,0,12.15
8.02,0,3,3,1,ECE,0.75,0,0,1,23.55
7.01,3,1,5,2,CSE,0.9,0,0,1,18.16
6.98,3,5,5,2,Mechanical,0.6,1,1,1,15.91
6.92,2,2,2,2,Mechanical,0.6,0,0,1,12.21
9.3,0,5,5,2,Civil,0.5,1,1,0,13.24
9.34,3,2,2,1,CSE,0.9,1,0,1,25.86
8.88,1,0,4,3,MBA,0.7,1,1,0,9.54
9.08,2,0,2,3,Mechanical,0.6,1,1,1,8.87
8.65,0,2,1,2,CSE,0.9,0,0,1,11.69
6.98,0,2,3,1,Mechanical,0.6,0,1,0,20.56
6.14,2,4,1,2,ECE,0.75,1,1,0,16.95
9.65,1,2,3,3,CSE,0.9,1,0,1,12.79
6.96,1,3,0,2,ECE,0.75,1,0,1,12.18
6.14,3,1,5,2,Civil,0.5,1,1,0,17.02
6.49,1,4,2,2,CSE,0.9,1,1,1,13.02
5.62,1,3,1,2,Civil,0.5,0,1,0,10.42
8.34,3,0,3,3,Mechanical,0.6,1,0,1,11.48
7.48,3,3,1,2,MBA,0.7,1,1,1,13.83
9.28,3,3,3,3,Civil,0.5,1,1,1,13.16
7.27,2,2,5,3,MBA,0.7,1,1,1,12.02
9.72,0,4,1,2,MBA,0.7,0,1,1,14.93
8.93,0,2,1,3,Civil,0.5,1,0,0,7.45
7.53,2,4,0,3,ECE,0.75,0,0,1,10.41
8.41,1,3,2,2,Civil,0.5,0,1,1,14.16
6.11,3,4,2,3,ECE,0.75,0,0,1,12.96
6.05,2,3,0,1,Mechanical,0.6,0,1,1,16.58
8.17,3,5,5,2,CSE,0.9,0,1,1,16.96
8.56,0,1,4,1,CSE,0.9,0,1,0,16.89
7.3,1,3,0,3,ECE,0.75,0,1,1,10.0
8.84,2,0,2,2,MBA,0.7,1,0,1,12.34
8.71,2,4,1,2,Mechanical,0.6,1,1,1,13.57
7.75,1,4,3,1,CSE,0.9,1,0,1,20.66
6.06,3,5,4,1,CSE,0.9,1,1,1,22.9
8.03,1,4,1,3,Mechanical,0.6,1,1,1,11.45
9.08,2,5,5,3,Civil,0.5,0,0,1,13.85
6.69,0,2,3,3,Mechanical,0.6,0,0,1,9.68
5.56,3,5,0,2,Civil,0.5,0,0,1,15.07
8.91,0,2,1,3,ECE,0.75,1,1,0,7.86
6.23,1,1,5,2,CSE,0.9,0,0,0,14.41
7.83,2,1,5,3,MBA,0.7,0,1,0,12.85
6.51,0,4,1,2,ECE,0.75,0,0,0,13.29
5.89,1,2,0,3,ECE,0.75,1,1,0,9.78
5.64,1,1,0,3,Civil,0.5,0,1,0,9.07
5.84,2,1,5,2,CSE,0.9,0,0,1,16.27
8.96,1,4,4,2,Mechanical,0.6,1,0,1,17.0
7.05,3,1,1,2,Civil,0.5,0,1,1,13.84
6.99,1,5,5,3,Civil,0.5,1,0,0,12.06
6.43,0,5,2,3,ECE,0.75,1,0,1,9.78
7.35,3,2,5,2,Mechanical,0.6,1,0,0,16.83
9.02,0,4,5,3,Civil,0.5,0,1,1,10.55
6.2,2,2,1,3,ECE,0.75,1,0,0,11.41
6.55,0,3,2,2,MBA,0.7,1,0,0,12.49
8.41,3,4,1,3,Mechanical,0.6,1,1,0,12.37
5.63,2,1,3,3,MBA,0.7,0,1,1,11.19
9.56,0,4,1,2,Civil,0.5,1,1,0,12.2
8.58,1,1,1,3,CSE,0.9,0,0,0,9.62
7.02,3,0,3,3,Civil,0.5,1,1,1,10.68
6.44,3,4,0,2,ECE,0.75,1,1,0,13.8
9.53,0,4,4,2,Mechanical,0.6,1,1,1,15.23
6.98,3,2,0,3,Mechanical,0.6,0,0,0,9.98
6.68,1,0,3,2,CSE,0.9,1,1,0,14.48
8.88,0,0,3,3,MBA,0.7,0,1,1,9.1
7.76,1,2,1,1,CSE,0.9,0,1,0,19.43
7.87,1,0,4,3,ECE,0.75,0,0,1,10.4
8.92,3,5,1,3,ECE,0.75,1,0,1,14.39
8.45,1,2,0,3,ECE,0.75,0,1,1,10.25
9.33,2,5,4,2,ECE,0.75,1,1,1,19.3
6.64,3,3,3,2,MBA,0.7,0,0,1,17.84
5.87,1,5,1,3,Mechanical,0.6,1,0,1,10.99
9.79,3,5,5,3,Civil,0.5,0,1,1,13.42
8.13,0,1,2,1,Mechanical,0.6,1,0,0,18.96
9.09,2,4,4,2,Civil,0.5,1,1,0,15.49
8.43,0,5,0,1,ECE,0.75,0,0,1,17.34
8.79,1,4,5,1,Mechanical,0.6,0,0,1,24.06
8.37,3,5,5,1,Civil,0.5,1,1,1,23.05
5.65,0,3,5,1,Civil,0.5,0,1,0,17.85
9.36,0,5,1,3,MBA,0.7,0,0,0,10.67
7.3,0,0,1,3,CSE,0.9,0,1,0,7.81
7.89,0,5,3,3,CSE,0.9,1,0,1,11.76
8.5,1,3,0,3,ECE,0.75,0,0,1,9.96
8.11,3,4,3,2,Mechanical,0.6,1,1,1,14.58
7.37,3,2,3,3,Civil,0.5,1,0,1,10.94
6.02,0,3,1,2,Civil,0.5,0,0,1,12.7
9.25,0,2,5,3,ECE,0.75,0,1,1,11.91
7.77,3,0,2,3,MBA,0.7,1,1,1,12.56
7.79,2,0,3,1,MBA,0.7,0,1,1,20.76
9.53,3,2,0,2,ECE,0.75,0,1,0,12.07
8.89,1,2,0,1,Mechanical,0.6,1,1,1,17.07
7.48,0,5,2,2,CSE,0.9,1,0,0,14.55
7.82,1,2,4,2,CSE,0.9,0,1,1,15.05
7.5,2,5,5,2,ECE,0.75,0,0,0,16.95
5.93,3,3,3,2,MBA,0.7,0,1,0,16.76
8.36,2,5,3,3,MBA,0.7,0,1,1,14.02
6.54,3,3,5,2,ECE,0.75,0,1,0,19.77
8.94,2,5,4,3,ECE,0.75,0,0,1,12.51
9.71,2,4,1,1,Civil,0.5,1,0,1,21.23
5.98,1,3,3,1,ECE,0.75,1,0,1,19.8
9.44,2,3,3,1,ECE,0.75,1,1,1,18.91
6.75,2,1,2,2,CSE,0.9,0,1,1,13.61
7.28,3,4,5,2,CSE,0.9,1,0,1,19.05
7.83,3,3,5,1,Mechanical,0.6,1,1,1,22.46
6.31,1,2,5,2,Civil,0.5,1,1,0,14.75
9.7,2,0,2,2,CSE,0.9,1,0,1,15.33
8.67,0,5,0,2,Mechanical,0.6,1,1,0,11.54
6.31,3,5,1,2,ECE,0.75,0,0,1,15.74
7.3,1,1,1,2,Mechanical,0.6,0,1,1,9.46
9.22,0,5,3,1,MBA,0.7,1,0,1,17.57
7.11,1,2,0,1,Civil,0.5,0,1,1,16.43
7.35,2,2,1,3,MBA,0.7,0,0,0,10.77
8.92,2,3,4,3,Civil,0.5,0,0,1,12.0
9.07,1,3,4,3,ECE,0.75,0,1,1,10.73
9.47,3,0,0,3,Civil,0.5,0,0,0,9.21
9.32,2,5,3,3,Civil,0.5,0,1,1,13.31
8.48,3,1,3,1,CSE,0.9,1,0,1,25.17
9.29,2,0,3,2,ECE,0.75,0,0,0,15.99
5.98,1,5,3,3,ECE,0.75,1,0,1,11.61
5.71,1,4,3,3,CSE,0.9,0,1,1,13.61
7.06,2,0,3,2,Civil,0.5,1,1,1,14.84
8.85,1,5,2,2,Mechanical,0.6,0,0,0,12.52
8.54,0,5,4,3,CSE,0.9,1,1,0,13.95
6.47,3,3,3,2,ECE,0.75,1,1,1,16.92
6.99,0,3,4,3,Mechanical,0.6,1,1,0,11.31
7.71,2,4,4,1,CSE,0.9,1,1,1,22.04
6.3,1,2,4,3,CSE,0.9,0,0,1,10.7
7.54,3,3,5,1,ECE,0.75,1,1,1,21.51
7.68,3,2,1,3,Civil,0.5,0,0,0,10.41
7.94,0,1,5,2,MBA,0.7,0,1,1,14.46
6.03,3,0,1,2,ECE,0.75,0,0,0,14.57
5.95,0,2,5,3,ECE,0.75,1,1,0,10.07
8.9,1,2,5,3,ECE,0.75,0,1,1,12.87
7.76,1,4,5,1,MBA,0.7,1,1,0,22.22
7.05,2,3,3,2,ECE,0.75,1,1,1,17.68
9.49,2,0,3,3,CSE,0.9,0,0,1,12.06
9.5,2,2,5,3,Civil,0.5,1,0,0,11.24
7.23,2,1,1,2,MBA,0.7,1,1,0,11.24
5.57,2,2,2,3,MBA,0.7,0,1,1,10.57
6.15,0,1,3,2,CSE,0.9,0,0,0,11.1
9.45,3,4,5,2,MBA,0.7,0,1,0,15.57
8.07,0,3,4,3,CSE,0.9,0,0,1,11.16
6.15,1,5,2,2,MBA,0.7,0,1,1,17.22
9.79,2,5,1,1,MBA,0.7,0,1,1,17.91
9.42,3,4,2,3,CSE,0.9,1,1,0,14.64
9.52,0,2,1,2,Civil,0.5,1,1,0,10.0
8.17,0,3,0,2,Mechanical,0.6,1,0,0,8.9
9.21,2,2,0,3,MBA,0.7,0,0,0,9.51
9.45,0,4,2,3,Civil,0.5,0,1,0,10.24
5.9,2,3,0,3,Civil,0.5,1,0,0,11.28
8.92,3,3,1,2,CSE,0.9,1,1,1,18.27
6.16,0,3,0,3,Mechanical,0.6,0,0,0,7.72
8.59,3,0,4,3,Mechanical,0.6,1,1,0,11.27
7.26,0,4,4,1,ECE,0.75,0,0,1,22.59
8.13,1,5,1,1,Mechanical,0.6,1,1,0,22.33
5.96,3,0,5,3,CSE,0.9,1,1,1,13.23
7.63,3,1,1,3,CSE,0.9,1,0,1,12.46
6.42,1,5,4,3,MBA,0.7,0,1,1,11.82
8.17,0,1,0,2,CSE,0.9,0,1,1,9.75
5.68,0,0,3,3,CSE,0.9,0,1,0,9.03
8.09,3,5,2,2,Mechanical,0.6,1,1,1,15.61
8.62,3,5,5,2,CSE,0.9,1,1,1,17.02
7.36,0,1,1,3,Civil,0.5,0,0,0,8.8
5.52,3,2,0,3,Civil,0.5,0,1,1,9.37
7.25,3,1,2,3,ECE,0.75,1,1,1,10.78
7.21,2,5,4,3,Civil,0.5,1,0,0,13.34
6.59,2,4,4,2,MBA,0.7,0,1,1,17.23
8.09,1,3,0,1,MBA,0.7,0,0,1,16.08
7.65,0,5,5,2,Mechanical,0.6,1,0,1,17.37
6.99,3,3,3,2,MBA,0.7,1,1,1,17.02
6.84,1,0,2,1,MBA,0.7,0,1,1,22.76
7.83,0,1,0,2,MBA,0.7,1,0,0,9.69
7.71,2,0,3,1,MBA,0.7,0,1,1,24.18
7.98,3,3,3,1,Civil,0.5,0,1,1,20.46
9.69,1,4,4,1,ECE,0.75,0,1,1,21.92
9.14,1,3,2,3,CSE,0.9,0,0,1,11.4
8.6,1,1,0,1,CSE,0.9,1,0,1,19.05
7.72,0,1,3,3,CSE,0.9,1,1,0,9.6
6.04,2,0,2,3,MBA,0.7,0,1,1,10.72
5.52,1,1,0,3,Mechanical,0.6,0,0,0,9.87
6.87,0,5,5,3,Civil,0.5,1,0,0,11.89
8.54,0,5,2,3,CSE,0.9,1,1,1,11.31
7.87,0,0,0,2,CSE,0.9,0,1,0,9.99
5.94,0,1,3,2,Mechanical,0.6,0,0,1,11.63
9.48,3,3,1,2,Mechanical,0.6,1,0,1,16.96
8.53,3,1,0,3,ECE,0.75,1,0,1,12.27
5.76,0,1,0,1,CSE,0.9,0,0,1,17.51
9.36,3,4,0,3,MBA,0.7,1,1,1,12.95
7.52,0,1,5,1,MBA,0.7,0,0,1,22.58
6.5,3,2,4,2,Mechanical,0.6,1,0,1,17.82
8.27,0,1,3,3,Mechanical,0.6,0,0,1,9.83
8.57,1,3,2,1,MBA,0.7,1,0,0,21.2
9.43,1,1,3,2,Mechanical,0.6,1,0,0,12.34
5.67,3,2,0,2,Civil,0.5,0,1,1,12.31
7.33,0,2,4,2,MBA,0.7,0,1,0,11.46
6.14,2,2,5,2,Mechanical,0.6,1,0,1,15.52
6.84,2,4,4,2,CSE,0.9,0,0,1,14.79
6.36,3,2,1,2,Civil,0.5,1,0,0,12.41
6.67,0,0,0,1,Mechanical,0.6,0,1,1,17.89
8.8,2,0,5,2,ECE,0.75,1,1,1,15.3
8.87,3,5,0,1,Mechanical,0.6,0,1,0,24.73
7.48,2,5,4,2,MBA,0.7,1,1,1,15.25
8.81,3,0,0,1,CSE,0.9,0,1,1,24.41
8.77,3,5,5,3,Civil,0.5,1,1,1,15.13
6.58,0,4,0,3,MBA,0.7,0,1,1,10.03
7.74,0,3,5,2,Mechanical,0.6,1,1,1,13.54
6.62,0,3,4,2,MBA,0.7,0,0,1,14.33
7.52,0,2,2,3,Civil,0.5,0,1,0,7.7
5.73,3,0,4,3,Civil,0.5,1,1,1,12.2
7.81,3,3,0,2,CSE,0.9,0,1,1,18.08
6.83,1,0,1,2,Civil,0.5,0,0,1,9.58
7.4,0,1,4,2,Mechanical,0.6,0,0,1,11.88
7.75,1,5,2,1,MBA,0.7,1,0,1,19.94
6.39,0,1,0,2,Civil,0.5,0,0,1,10.24
7.59,2,2,0,3,Mechanical,0.6,0,0,1,10.74
7.29,1,2,1,3,CSE,0.9,1,1,1,10.77
6.94,1,3,5,1,Mechanical,0.6,1,0,1,25.01
9.26,3,3,3,1,ECE,0.75,1,1,0,26.5
6.11,2,5,1,1,ECE,0.75,0,1,0,21.28
9.32,2,2,0,3,Mechanical,0.6,1,0,1,9.16
6.46,2,1,4,3,ECE,0.75,0,0,0,10.81
7.15,1,5,4,3,Mechanical,0.6,1,1,0,11.4
8.55,3,2,1,2,Civil,0.5,1,0,0,15.44
9.14,3,0,4,3,MBA,0.7,0,1,1,13.76
6.02,3,2,2,3,CSE,0.9,0,0,1,11.74
9.29,0,3,2,2,MBA,0.7,1,0,0,11.44
7.58,3,0,2,3,Mechanical,0.6,1,1,1,11.31
6.54,1,0,2,3,CSE,0.9,1,1,0,11.09
7.78,3,1,0,2,CSE,0.9,0,1,1,14.59
7.08,2,5,1,1,MBA,0.7,0,1,1,22.01
9.13,3,4,3,2,CSE,0.9,1,0,1,15.92
8.37,2,5,4,2,ECE,0.75,1,1,1,15.73
8.1,2,5,0,3,ECE,0.75,0,0,0,12.95
8.28,0,1,3,1,Mechanical,0.6,1,0,1,14.7
7.26,1,2,2,3,ECE,0.75,1,1,0,9.63
6.69,2,1,3,3,Mechanical,0.6,0,0,0,9.69
7.95,2,2,2,3,Mechanical,0.6,1,0,0,10.53
6.2,2,1,1,3,Civil,0.5,0,0,1,8.49
5.7,3,4,3,2,Mechanical,0.6,0,0,1,18.07
7.29,1,3,1,1,MBA,0.7,1,0,0,17.14
7.91,1,5,4,3,MBA,0.7,0,1,0,13.57
9.48,3,0,1,1,Civil,0.5,0,1,0,16.77
6.93,1,1,3,2,CSE,0.9,0,0,1,15.11
5.72,1,5,2,2,CSE,0.9,1,0,0,15.65
8.08,0,4,0,3,ECE,0.75,0,1,0,10.77
6.85,1,1,4,1,Civil,0.5,1,0,0,16.0
8.84,0,2,0,3,Mechanical,0.6,0,1,1,7.72
6.02,0,2,1,3,CSE,0.9,0,0,1,9.76
5.57,3,5,1,3,CSE,0.9,0,1,1,13.36
7.41,1,4,3,2,Civil,0.5,1,1,0,14.58
8.68,3,3,0,3,Mechanical,0.6,1,1,1,9.99
8.16,0,0,0,3,CSE,0.9,1,0,0,9.32
7.97,0,4,1,3,Mechanical,0.6,0,1,0,9.69
7.91,0,0,0,2,Mechanical,0.6,1,0,1,8.4
6.33,1,3,2,2,Civil,0.5,0,1,0,10.95
9.78,3,1,4,1,MBA,0.7,1,0,0,22.87
9.44,0,5,0,3,Mechanical,0.6,1,0,1,10.28
8.9,3,5,0,2,CSE,0.9,1,1,1,17.23
6.76,1,3,2,2,Civil,0.5,1,0,1,14.18
9.69,0,2,0,2,CSE,0.9,0,0,0,13.93
6.29,3,3,5,3,MBA,0.7,1,0,1,14.17
7.15,2,5,2,2,CSE,0.9,1,1,1,14.23
5.62,0,0,5,2,CSE,0.9,1,1,1,12.42
8.84,2,5,5,2,Civil,0.5,1,0,0,14.33
7.39,1,5,4,3,CSE,0.9,0,1,0,14.01
6.08,0,4,2,2,MBA,0.7,1,1,1,13.06
7.28,1,4,1,2,Mechanical,0.6,0,0,1,14.87
8.85,1,2,3,3,CSE,0.9,1,1,1,12.8
6.36,1,0,2,3,Mechanical,0.6,0,0,1,7.56
8.4,1,4,2,1,ECE,0.75,1,0,1,19.5
6.41,2,3,2,3,CSE,0.9,0,0,1,11.19
6.2,3,3,0,3,MBA,0.7,0,1,1,13.07
8.95,0,0,2,3,CSE,0.9,1,1,1,8.68
8.01,2,3,2,3,Civil,0.5,1,0,1,10.58
7.94,0,3,5,3,Mechanical,0.6,0,1,1,10.55
7.56,3,4,5,3,MBA,0.7,0,1,1,13.74
9.35,2,1,4,2,MBA,0.7,1,0,1,14.36
6.47,1,2,2,3,CSE,0.9,1,0,1,11.94
7.48,3,4,1,1,ECE,0.75,1,1,1,24.73
5.69,3,2,1,3,CSE,0.9,1,1,0,11.82
5.79,0,0,4,2,CSE,0.9,1,1,1,14.12
7.62,1,1,1,3,Civil,0.5,0,1,0,8.72
9.72,2,1,3,3,Mechanical,0.6,1,0,1,9.97
5.94,2,1,1,2,MBA,0.7,0,0,1,12.8
7.85,2,2,2,2,Mechanical,0.6,1,1,0,12.3
9.52,1,2,1,2,CSE,0.9,1,1,0,13.46
9.36,2,1,4,2,ECE,0.75,1,1,0,14.28
7.17,1,1,3,2,ECE,0.75,1,1,1,11.16
9.31,3,1,4,2,Mechanical,0.6,0,0,1,17.78
6.66,0,3,1,2,Mechanical,0.6,1,0,1,12.01
6.67,2,2,5,1,Mechanical,0.6,0,1,1,21.43
6.65,0,4,4,1,Mechanical,0.6,0,1,0,21.48
7.63,3,3,4,1,Civil,0.5,1,1,1,24.45
6.1,3,3,2,2,MBA,0.7,0,0,0,15.75
8.23,0,5,1,1,Civil,0.5,1,1,1,18.68
9.41,3,1,5,3,CSE,0.9,1,1,1,13.88
6.3,2,5,1,2,Mechanical,0.6,1,1,0,16.59
8.07,0,0,1,2,MBA,0.7,1,0,1,13.22
9.77,3,3,5,3,MBA,0.7,0,1,0,14.55
9.75,3,3,5,2,MBA,0.7,1,1,1,18.58
7.67,2,2,3,2,CSE,0.9,0,1,0,14.37
6.98,1,5,0,3,Civil,0.5,1,1,0,10.93
8.14,1,1,4,3,Civil,0.5,1,1,0,9.35
7.2,3,3,3,1,Civil,0.5,1,0,1,20.62
6.64,3,4,2,3,Civil,0.5,1,1,0,13.72
8.31,3,1,1,3,MBA,0.7,1,1,1,10.45
7.02,3,2,4,3,ECE,0.75,1,1,1,12.14
8.27,3,4,5,1,Civil,0.5,1,1,1,25.4
6.65,3,2,5,2,MBA,0.7,1,1,1,16.87
5.85,3,5,5,3,Civil,0.5,1,0,1,15.97
6.11,1,0,3,1,Mechanical,0.6,0,1,0,21.29
7.74,2,0,4,1,Civil,0.5,0,0,0,23.17
6.34,0,1,0,2,Mechanical,0.6,0,0,0,10.3
9.65,0,3,2,2,MBA,0.7,0,1,1,12.3
5.89,2,0,0,2,CSE,0.9,0,0,0,10.87
9.44,3,3,2,3,Mechanical,0.6,1,0,1,13.03
7.46,1,5,1,2,Mechanical,0.6,0,1,1,14.49
8.97,2,2,3,1,ECE,0.75,1,1,1,21.3
8.85,2,3,5,2,CSE,0.9,0,0,1,17.74
5.95,1,5,1,3,Civil,0.5,0,0,1,9.99
7.45,0,5,2,3,ECE,0.75,1,0,1,11.04
8.79,0,2,4,2,ECE,0.75,1,1,1,13.72
6.06,2,2,2,3,MBA,0.7,1,1,1,11.4
8.8,0,3,0,3,ECE,0.75,1,1,0,7.92
5.91,3,2,5,2,Mechanical,0.6,0,1,1,14.01
7.06,2,1,4,3,MBA,0.7,1,0,0,11.2
8.82,1,1,1,2,MBA,0.7,0,1,1,12.17
9.04,0,0,5,1,ECE,0.75,1,1,0,22.93
5.65,3,0,3,1,Mechanical,0.6,1,0,1,19.57
5.99,2,4,1,2,CSE,0.9,1,0,0,15.45
5.56,0,3,2,2,Civil,0.5,0,1,0,12.4
8.66,1,0,0,2,Civil,0.5,0,0,0,10.12
7.22,2,0,4,3,CSE,0.9,1,1,1,11.81
7.69,3,0,2,1,MBA,0.7,1,0,1,18.64
8.64,3,4,3,1,Mechanical,0.6,0,1,1,23.36
6.79,0,1,4,2,Mechanical,0.6,1,0,1,12.24
6.47,3,1,0,3,Mechanical,0.6,0,1,1,9.38
5.9,2,4,3,2,MBA,0.7,1,0,0,16.4
9.57,1,3,4,3,ECE,0.75,0,1,0,11.84
6.3,3,3,4,2,Mechanical,0.6,0,0,1,17.91
6.67,3,0,4,1,ECE,0.75,0,0,1,23.37
5.78,3,4,3,2,MBA,0.7,1,0,1,16.64
6.29,3,5,2,3,Civil,0.5,1,0,0,12.55
9.19,0,5,3,3,Mechanical,0.6,1,0,0,9.51
7.53,0,5,3,2,MBA,0.7,1,0,0,14.35
5.82,1,3,1,3,MBA,0.7,0,0,1,8.99
9.3,1,4,2,3,CSE,0.9,0,1,1,12.97
8.95,1,1,3,2,MBA,0.7,1,0,1,14.04
9.79,2,5,0,3,ECE,0.75,1,0,1,12.51
9.02,3,0,3,2,Mechanical,0.6,0,1,0,16.46
6.78,2,5,2,3,MBA,0.7,0,1,0,13.25
7.98,3,2,1,2,Mechanical,0.6,1,0,0,13.6
5.61,2,0,1,3,Civil,0.5,0,0,0,9.53
8.13,2,5,0,2,CSE,0.9,0,0,0,15.51
8.78,1,4,5,3,ECE,0.75,0,0,1,13.99
9.79,3,3,3,3,CSE,0.9,1,0,1,13.0
9.72,1,2,3,2,MBA,0.7,1,1,1,13.65
7.17,3,0,3,2,CSE,0.9,1,0,0,16.85
6.99,2,4,4,2,MBA,0.7,1,0,1,16.71
7.26,0,4,3,1,MBA,0.7,1,0,0,20.82
7.38,0,4,5,2,MBA,0.7,1,0,0,15.43
6.6,0,4,3,3,ECE,0.75,1,0,0,11.97
7.9,2,4,3,2,CSE,0.9,0,0,0,16.04
7.94,2,4,3,1,Mechanical,0.6,1,0,1,18.57
6.73,3,3,2,3,CSE,0.9,1,1,1,14.99
6.43,0,4,2,3,MBA,0.7,0,1,1,9.7
5.84,3,4,3,2,ECE,0.75,1,1,1,19.28
6.68,2,5,5,3,MBA,0.7,1,1,1,13.03
8.31,1,3,5,1,ECE,0.75,1,1,0,22.36
9.74,0,0,1,2,ECE,0.75,0,0,1,9.38
6.92,2,4,3,2,Civil,0.5,0,0,1,13.95
9.33,0,3,3,2,Mechanical,0.6,0,1,1,13.12
9.17,1,4,5,3,CSE,0.9,0,1,1,12.46
6.46,1,4,1,1,MBA,0.7,0,1,1,23.78
9.02,3,5,5,3,ECE,0.75,1,1,1,16.63
6.51,2,4,1,2,ECE,0.75,0,1,1,14.22
7.74,1,0,0,3,CSE,0.9,0,0,1,7.67
6.06,0,1,2,1,MBA,0.7,0,0,0,21.8
9.03,2,3,5,1,MBA,0.7,1,1,1,23.54
6.46,2,0,0,2,Mechanical,0.6,0,1,1,10.84
